label,image
001,https://raw.githubusercontent.com/ZhijingEu/OnceUponABusiness/refs/heads/main/Card_001.png
002,https://raw.githubusercontent.com/ZhijingEu/OnceUponABusiness/refs/heads/main/Card_002.png
003,https://raw.githubusercontent.com/ZhijingEu/OnceUponABusiness/refs/heads/main/Card_003.png
004,https://raw.githubusercontent.com/ZhijingEu/OnceUponABusiness/refs/heads/main/Card_004.png
005,https://raw.githubusercontent.com/ZhijingEu/OnceUponABusiness/refs/heads/main/Card_005.png
006,https://raw.githubusercontent.com/ZhijingEu/OnceUponABusiness/refs/heads/main/Card_006.png
007,https://raw.githubusercontent.com/ZhijingEu/OnceUponABusiness/refs/heads/main/Card_007.png
008,https://raw.githubusercontent.com/ZhijingEu/OnceUponABusiness/refs/heads/main/Card_008.png
009,https://raw.githubusercontent.com/ZhijingEu/OnceUponABusiness/refs/heads/main/Card_009.png
010,https://raw.githubusercontent.com/ZhijingEu/OnceUponABusiness/refs/heads/main/Card_010.png
011,https://raw.githubusercontent.com/ZhijingEu/OnceUponABusiness/refs/heads/main/Card_011.png
012,https://raw.githubusercontent.com/ZhijingEu/OnceUponABusiness/refs/heads/main/Card_012.png
013,https://raw.githubusercontent.com/ZhijingEu/OnceUponABusiness/refs/heads/main/Card_013.png
014,https://raw.githubusercontent.com/ZhijingEu/OnceUponABusiness/refs/heads/main/Card_014.png
015,https://raw.githubusercontent.com/ZhijingEu/OnceUponABusiness/refs/heads/main/Card_015.png
016,https://raw.githubusercontent.com/ZhijingEu/OnceUponABusiness/refs/heads/main/Card_016.png
017,https://raw.githubusercontent.com/ZhijingEu/OnceUponABusiness/refs/heads/main/Card_017.png
018,https://raw.githubusercontent.com/ZhijingEu/OnceUponABusiness/refs/heads/main/Card_018.png
019,https://raw.githubusercontent.com/ZhijingEu/OnceUponABusiness/refs/heads/main/Card_019.png
020,https://raw.githubusercontent.com/ZhijingEu/OnceUponABusiness/refs/heads/main/Card_020.png
021,https://raw.githubusercontent.com/ZhijingEu/OnceUponABusiness/refs/heads/main/Card_021.png
022,https://raw.githubusercontent.com/ZhijingEu/OnceUponABusiness/refs/heads/main/Card_022.png
023,https://raw.githubusercontent.com/ZhijingEu/OnceUponABusiness/refs/heads/main/Card_023.png
024,https://raw.githubusercontent.com/ZhijingEu/OnceUponABusiness/refs/heads/main/Card_024.png
025,https://raw.githubusercontent.com/ZhijingEu/OnceUponABusiness/refs/heads/main/Card_025.png
026,https://raw.githubusercontent.com/ZhijingEu/OnceUponABusiness/refs/heads/main/Card_026.png
027,https://raw.githubusercontent.com/ZhijingEu/OnceUponABusiness/refs/heads/main/Card_027.png
028,https://raw.githubusercontent.com/ZhijingEu/OnceUponABusiness/refs/heads/main/Card_028.png
029,https://raw.githubusercontent.com/ZhijingEu/OnceUponABusiness/refs/heads/main/Card_029.png
030,https://raw.githubusercontent.com/ZhijingEu/OnceUponABusiness/refs/heads/main/Card_030.png
031,https://raw.githubusercontent.com/ZhijingEu/OnceUponABusiness/refs/heads/main/Card_031.png
032,https://raw.githubusercontent.com/ZhijingEu/OnceUponABusiness/refs/heads/main/Card_032.png
033,https://raw.githubusercontent.com/ZhijingEu/OnceUponABusiness/refs/heads/main/Card_033.png
034,https://raw.githubusercontent.com/ZhijingEu/OnceUponABusiness/refs/heads/main/Card_034.png
035,https://raw.githubusercontent.com/ZhijingEu/OnceUponABusiness/refs/heads/main/Card_035.png
036,https://raw.githubusercontent.com/ZhijingEu/OnceUponABusiness/refs/heads/main/Card_036.png
037,https://raw.githubusercontent.com/ZhijingEu/OnceUponABusiness/refs/heads/main/Card_037.png
038,https://raw.githubusercontent.com/ZhijingEu/OnceUponABusiness/refs/heads/main/Card_038.png
039,https://raw.githubusercontent.com/ZhijingEu/OnceUponABusiness/refs/heads/main/Card_039.png
040,https://raw.githubusercontent.com/ZhijingEu/OnceUponABusiness/refs/heads/main/Card_040.png
041,https://raw.githubusercontent.com/ZhijingEu/OnceUponABusiness/refs/heads/main/Card_041.png
042,https://raw.githubusercontent.com/ZhijingEu/OnceUponABusiness/refs/heads/main/Card_042.png
043,https://raw.githubusercontent.com/ZhijingEu/OnceUponABusiness/refs/heads/main/Card_043.png
044,https://raw.githubusercontent.com/ZhijingEu/OnceUponABusiness/refs/heads/main/Card_044.png
045,https://raw.githubusercontent.com/ZhijingEu/OnceUponABusiness/refs/heads/main/Card_045.png
046,https://raw.githubusercontent.com/ZhijingEu/OnceUponABusiness/refs/heads/main/Card_046.png
047,https://raw.githubusercontent.com/ZhijingEu/OnceUponABusiness/refs/heads/main/Card_047.png
048,https://raw.githubusercontent.com/ZhijingEu/OnceUponABusiness/refs/heads/main/Card_048.png
049,https://raw.githubusercontent.com/ZhijingEu/OnceUponABusiness/refs/heads/main/Card_049.png
050,https://raw.githubusercontent.com/ZhijingEu/OnceUponABusiness/refs/heads/main/Card_050.png
051,https://raw.githubusercontent.com/ZhijingEu/OnceUponABusiness/refs/heads/main/Card_051.png
052,https://raw.githubusercontent.com/ZhijingEu/OnceUponABusiness/refs/heads/main/Card_052.png
053,https://raw.githubusercontent.com/ZhijingEu/OnceUponABusiness/refs/heads/main/Card_053.png
054,https://raw.githubusercontent.com/ZhijingEu/OnceUponABusiness/refs/heads/main/Card_054.png
055,https://raw.githubusercontent.com/ZhijingEu/OnceUponABusiness/refs/heads/main/Card_055.png
056,https://raw.githubusercontent.com/ZhijingEu/OnceUponABusiness/refs/heads/main/Card_056.png
057,https://raw.githubusercontent.com/ZhijingEu/OnceUponABusiness/refs/heads/main/Card_057.png
058,https://raw.githubusercontent.com/ZhijingEu/OnceUponABusiness/refs/heads/main/Card_058.png
059,https://raw.githubusercontent.com/ZhijingEu/OnceUponABusiness/refs/heads/main/Card_059.png
060,https://raw.githubusercontent.com/ZhijingEu/OnceUponABusiness/refs/heads/main/Card_060.png
061,https://raw.githubusercontent.com/ZhijingEu/OnceUponABusiness/refs/heads/main/Card_061.png
062,https://raw.githubusercontent.com/ZhijingEu/OnceUponABusiness/refs/heads/main/Card_062.png
063,https://raw.githubusercontent.com/ZhijingEu/OnceUponABusiness/refs/heads/main/Card_063.png
064,https://raw.githubusercontent.com/ZhijingEu/OnceUponABusiness/refs/heads/main/Card_064.png
065,https://raw.githubusercontent.com/ZhijingEu/OnceUponABusiness/refs/heads/main/Card_065.png
066,https://raw.githubusercontent.com/ZhijingEu/OnceUponABusiness/refs/heads/main/Card_066.png
067,https://raw.githubusercontent.com/ZhijingEu/OnceUponABusiness/refs/heads/main/Card_067.png
068,https://raw.githubusercontent.com/ZhijingEu/OnceUponABusiness/refs/heads/main/Card_068.png
069,https://raw.githubusercontent.com/ZhijingEu/OnceUponABusiness/refs/heads/main/Card_069.png
070,https://raw.githubusercontent.com/ZhijingEu/OnceUponABusiness/refs/heads/main/Card_070.png
071,https://raw.githubusercontent.com/ZhijingEu/OnceUponABusiness/refs/heads/main/Card_071.png
072,https://raw.githubusercontent.com/ZhijingEu/OnceUponABusiness/refs/heads/main/Card_072.png
073,https://raw.githubusercontent.com/ZhijingEu/OnceUponABusiness/refs/heads/main/Card_073.png
074,https://raw.githubusercontent.com/ZhijingEu/OnceUponABusiness/refs/heads/main/Card_074.png
075,https://raw.githubusercontent.com/ZhijingEu/OnceUponABusiness/refs/heads/main/Card_075.png
076,https://raw.githubusercontent.com/ZhijingEu/OnceUponABusiness/refs/heads/main/Card_076.png
077,https://raw.githubusercontent.com/ZhijingEu/OnceUponABusiness/refs/heads/main/Card_077.png
078,https://raw.githubusercontent.com/ZhijingEu/OnceUponABusiness/refs/heads/main/Card_078.png
079,https://raw.githubusercontent.com/ZhijingEu/OnceUponABusiness/refs/heads/main/Card_079.png
080,https://raw.githubusercontent.com/ZhijingEu/OnceUponABusiness/refs/heads/main/Card_080.png
081,https://raw.githubusercontent.com/ZhijingEu/OnceUponABusiness/refs/heads/main/Card_081.png
082,https://raw.githubusercontent.com/ZhijingEu/OnceUponABusiness/refs/heads/main/Card_082.png
083,https://raw.githubusercontent.com/ZhijingEu/OnceUponABusiness/refs/heads/main/Card_083.png
084,https://raw.githubusercontent.com/ZhijingEu/OnceUponABusiness/refs/heads/main/Card_084.png
085,https://raw.githubusercontent.com/ZhijingEu/OnceUponABusiness/refs/heads/main/Card_085.png
086,https://raw.githubusercontent.com/ZhijingEu/OnceUponABusiness/refs/heads/main/Card_086.png
087,https://raw.githubusercontent.com/ZhijingEu/OnceUponABusiness/refs/heads/main/Card_087.png
088,https://raw.githubusercontent.com/ZhijingEu/OnceUponABusiness/refs/heads/main/Card_088.png
089,https://raw.githubusercontent.com/ZhijingEu/OnceUponABusiness/refs/heads/main/Card_089.png
090,https://raw.githubusercontent.com/ZhijingEu/OnceUponABusiness/refs/heads/main/Card_090.png
091,https://raw.githubusercontent.com/ZhijingEu/OnceUponABusiness/refs/heads/main/Card_091.png
092,https://raw.githubusercontent.com/ZhijingEu/OnceUponABusiness/refs/heads/main/Card_092.png
093,https://raw.githubusercontent.com/ZhijingEu/OnceUponABusiness/refs/heads/main/Card_093.png
094,https://raw.githubusercontent.com/ZhijingEu/OnceUponABusiness/refs/heads/main/Card_094.png
095,https://raw.githubusercontent.com/ZhijingEu/OnceUponABusiness/refs/heads/main/Card_095.png
096,https://raw.githubusercontent.com/ZhijingEu/OnceUponABusiness/refs/heads/main/Card_096.png
097,https://raw.githubusercontent.com/ZhijingEu/OnceUponABusiness/refs/heads/main/Card_097.png
098,https://raw.githubusercontent.com/ZhijingEu/OnceUponABusiness/refs/heads/main/Card_098.png
099,https://raw.githubusercontent.com/ZhijingEu/OnceUponABusiness/refs/heads/main/Card_099.png
100,https://raw.githubusercontent.com/ZhijingEu/OnceUponABusiness/refs/heads/main/Card_100.png
